{
  "0": {
    "precision": 0.3902439024390244,
    "recall": 0.06751054852320675,
    "f1-score": 0.11510791366906474,
    "support": 237.0
  },
  "1": {
    "precision": 0.3825136612021858,
    "recall": 0.9459459459459459,
    "f1-score": 0.5447470817120622,
    "support": 222.0
  },
  "2": {
    "precision": 0.0,
    "recall": 0.0,
    "f1-score": 0.0,
    "support": 35.0
  },
  "3": {
    "precision": 1.0,
    "recall": 0.5151515151515151,
    "f1-score": 0.6799999999999999,
    "support": 66.0
  },
  "4": {
    "precision": 0.0,
    "recall": 0.0,
    "f1-score": 0.0,
    "support": 16.0
  },
  "5": {
    "precision": 0.0,
    "recall": 0.0,
    "f1-score": 0.0,
    "support": 2.0
  },
  "6": {
    "precision": 0.0,
    "recall": 0.0,
    "f1-score": 0.0,
    "support": 36.0
  },
  "7": {
    "precision": 0.0,
    "recall": 0.0,
    "f1-score": 0.0,
    "support": 10.0
  },
  "accuracy": 0.4166666666666667,
  "macro avg": {
    "precision": 0.22159469545515126,
    "recall": 0.19107600120258347,
    "f1-score": 0.16748187442264084,
    "support": 624.0
  },
  "weighted avg": {
    "precision": 0.39007345779636865,
    "recall": 0.4166666666666667,
    "f1-score": 0.30944619820456115,
    "support": 624.0
  }
}