{
  "0": {
    "precision": 0.3868092691622103,
    "recall": 0.9644444444444444,
    "f1-score": 0.5521628498727735,
    "support": 225.0
  },
  "1": {
    "precision": 0.08333333333333333,
    "recall": 0.004524886877828055,
    "f1-score": 0.008583690987124465,
    "support": 221.0
  },
  "2": {
    "precision": 0.0,
    "recall": 0.0,
    "f1-score": 0.0,
    "support": 32.0
  },
  "3": {
    "precision": 0.8297872340425532,
    "recall": 0.582089552238806,
    "f1-score": 0.6842105263157895,
    "support": 67.0
  },
  "4": {
    "precision": 0.0,
    "recall": 0.0,
    "f1-score": 0.0,
    "support": 26.0
  },
  "6": {
    "precision": 0.0,
    "recall": 0.0,
    "f1-score": 0.0,
    "support": 40.0
  },
  "7": {
    "precision": 0.0,
    "recall": 0.0,
    "f1-score": 0.0,
    "support": 9.0
  },
  "accuracy": 0.41451612903225804,
  "macro avg": {
    "precision": 0.18570426236258525,
    "recall": 0.22157984050872548,
    "f1-score": 0.1778510095965268,
    "support": 620.0
  },
  "weighted avg": {
    "precision": 0.2597491885629275,
    "recall": 0.41451612903225804,
    "f1-score": 0.2773802293430427,
    "support": 620.0
  }
}