{
  "0": {
    "precision": 0.39820359281437123,
    "recall": 0.5782608695652174,
    "f1-score": 0.4716312056737588,
    "support": 230.0
  },
  "1": {
    "precision": 0.44129554655870445,
    "recall": 0.4698275862068966,
    "f1-score": 0.4551148225469729,
    "support": 232.0
  },
  "2": {
    "precision": 0.0,
    "recall": 0.0,
    "f1-score": 0.0,
    "support": 42.0
  },
  "3": {
    "precision": 1.0,
    "recall": 0.5138888888888888,
    "f1-score": 0.6788990825688073,
    "support": 72.0
  },
  "4": {
    "precision": 0.0,
    "recall": 0.0,
    "f1-score": 0.0,
    "support": 13.0
  },
  "6": {
    "precision": 0.25,
    "recall": 0.037037037037037035,
    "f1-score": 0.06451612903225806,
    "support": 27.0
  },
  "7": {
    "precision": 0.0,
    "recall": 0.0,
    "f1-score": 0.0,
    "support": 6.0
  },
  "accuracy": 0.45016077170418006,
  "macro avg": {
    "precision": 0.29849987705329656,
    "recall": 0.22843062595686284,
    "f1-score": 0.23859446283168526,
    "support": 622.0
  },
  "weighted avg": {
    "precision": 0.4384524005609724,
    "recall": 0.45016077170418006,
    "f1-score": 0.42553775814258415,
    "support": 622.0
  }
}