{
  "config_01": {
    "config": {
      "model_type": "sage",
      "hidden_channels": 64,
      "num_layers": 2,
      "dropout": 0.2,
      "batch_size": 16,
      "lr": 0.001,
      "use_residual": false,
      "num_epochs": 100
    },
    "fold_accuracies": [
      0.43980738362760835,
      0.41025641025641024,
      0.4533762057877814,
      0.45264847512038525,
      0.42096774193548386
    ],
    "fold_f1_scores": [
      0.3411841936111607,
      0.3736800186477407,
      0.41183316354957705,
      0.3039723440791304,
      0.27585495998059667
    ],
    "mean_accuracy": 0.4354112433455338,
    "std_accuracy": 0.017207954235845542,
    "mean_f1": 0.3413049359736411,
    "std_f1": 0.04837316036177102
  },
  "config_02": {
    "config": {
      "model_type": "sage",
      "hidden_channels": 64,
      "num_layers": 2,
      "dropout": 0.2,
      "batch_size": 16,
      "lr": 0.001,
      "use_residual": true,
      "num_epochs": 100
    },
    "fold_accuracies": [
      0.4333868378812199,
      0.41346153846153844,
      0.46141479099678456,
      0.45585874799357945,
      0.42096774193548386
    ],
    "fold_f1_scores": [
      0.40403516804033857,
      0.3770791309427673,
      0.4216923796809835,
      0.41008953477822363,
      0.27585495998059667
    ],
    "mean_accuracy": 0.43701793145372125,
    "std_accuracy": 0.018846114710243653,
    "mean_f1": 0.3777502346845819,
    "std_f1": 0.05301082445346583
  },
  "config_03": {
    "config": {
      "model_type": "sage",
      "hidden_channels": 64,
      "num_layers": 2,
      "dropout": 0.2,
      "batch_size": 16,
      "lr": 0.0005,
      "use_residual": false,
      "num_epochs": 100
    },
    "fold_accuracies": [
      0.4478330658105939,
      0.4182692307692308,
      0.454983922829582,
      0.4317817014446228,
      0.41451612903225804
    ],
    "fold_f1_scores": [
      0.4155240585787014,
      0.38931942171303874,
      0.40382355937067094,
      0.3715667802069932,
      0.2802029016282339
    ],
    "mean_accuracy": 0.43347680997725746,
    "std_accuracy": 0.015889048209371825,
    "mean_f1": 0.3720873442995276,
    "std_f1": 0.04823671170050127
  },
  "config_04": {
    "config": {
      "model_type": "sage",
      "hidden_channels": 64,
      "num_layers": 2,
      "dropout": 0.2,
      "batch_size": 16,
      "lr": 0.0005,
      "use_residual": true,
      "num_epochs": 100
    },
    "fold_accuracies": [
      0.4510433386837881,
      0.4230769230769231,
      0.4453376205787781,
      0.45585874799357945,
      0.42096774193548386
    ],
    "fold_f1_scores": [
      0.39681262914507776,
      0.3943859907921383,
      0.3978275203594293,
      0.41008953477822363,
      0.27585495998059667
    ],
    "mean_accuracy": 0.43925687445371053,
    "std_accuracy": 0.014476198481249728,
    "mean_f1": 0.37499412701109314,
    "std_f1": 0.049867258504784455
  },
  "config_05": {
    "config": {
      "model_type": "sage",
      "hidden_channels": 64,
      "num_layers": 2,
      "dropout": 0.2,
      "batch_size": 32,
      "lr": 0.001,
      "use_residual": false,
      "num_epochs": 100
    },
    "fold_accuracies": [
      0.4333868378812199,
      0.41346153846153844,
      0.45016077170418006,
      0.4590690208667737,
      0.4161290322580645
    ],
    "fold_f1_scores": [
      0.4080667864891131,
      0.3823000619901606,
      0.42553775814258415,
      0.3754235868761188,
      0.30106087472386284
    ],
    "mean_accuracy": 0.43444144023435527,
    "std_accuracy": 0.01805673204140159,
    "mean_f1": 0.3784778136443679,
    "std_f1": 0.042678955014321236
  },
  "config_06": {
    "config": {
      "model_type": "sage",
      "hidden_channels": 64,
      "num_layers": 2,
      "dropout": 0.2,
      "batch_size": 32,
      "lr": 0.001,
      "use_residual": true,
      "num_epochs": 100
    },
    "fold_accuracies": [
      0.4478330658105939,
      0.41185897435897434,
      0.432475884244373,
      0.45746388443017655,
      0.4290322580645161
    ],
    "fold_f1_scores": [
      0.4109001391386317,
      0.3313371463234975,
      0.3265155599110398,
      0.3853072916336229,
      0.2961920748043536
    ],
    "mean_accuracy": 0.4357328133817268,
    "std_accuracy": 0.015774161000852743,
    "mean_f1": 0.3500504423622291,
    "std_f1": 0.041834275217695935
  },
  "config_07": {
    "config": {
      "model_type": "sage",
      "hidden_channels": 64,
      "num_layers": 2,
      "dropout": 0.2,
      "batch_size": 32,
      "lr": 0.0005,
      "use_residual": false,
      "num_epochs": 100
    },
    "fold_accuracies": [
      0.45264847512038525,
      0.4230769230769231,
      0.4453376205787781,
      0.4590690208667737,
      0.42096774193548386
    ],
    "fold_f1_scores": [
      0.4197220904083515,
      0.39457294085473066,
      0.3978275203594293,
      0.38641121945958296,
      0.27585495998059667
    ],
    "mean_accuracy": 0.4402199563156688,
    "std_accuracy": 0.015495013061021645,
    "mean_f1": 0.3748777462125382,
    "std_f1": 0.05072305438361696
  },
  "config_08": {
    "config": {
      "model_type": "sage",
      "hidden_channels": 64,
      "num_layers": 2,
      "dropout": 0.2,
      "batch_size": 32,
      "lr": 0.0005,
      "use_residual": true,
      "num_epochs": 100
    },
    "fold_accuracies": [
      0.44301765650080255,
      0.41346153846153844,
      0.4453376205787781,
      0.45746388443017655,
      0.42096774193548386
    ],
    "fold_f1_scores": [
      0.4153477977144995,
      0.3780358060647593,
      0.3978275203594293,
      0.3840095948209834,
      0.27585495998059667
    ],
    "mean_accuracy": 0.43604968838135594,
    "std_accuracy": 0.016316100526971297,
    "mean_f1": 0.3702151357880536,
    "std_f1": 0.0488972263350115
  },
  "config_09": {
    "config": {
      "model_type": "sage",
      "hidden_channels": 64,
      "num_layers": 2,
      "dropout": 0.2,
      "batch_size": 64,
      "lr": 0.001,
      "use_residual": false,
      "num_epochs": 100
    },
    "fold_accuracies": [
      0.42696629213483145,
      0.4230769230769231,
      0.44855305466237944,
      0.45746388443017655,
      0.42096774193548386
    ],
    "fold_f1_scores": [
      0.3683379062049667,
      0.3943154023395959,
      0.40391432821169904,
      0.3726333507293723,
      0.27585495998059667
    ],
    "mean_accuracy": 0.4354055792479589,
    "std_accuracy": 0.014772226734704269,
    "mean_f1": 0.36301118949324607,
    "std_f1": 0.04554160458216889
  },
  "config_10": {
    "config": {
      "model_type": "sage",
      "hidden_channels": 64,
      "num_layers": 2,
      "dropout": 0.2,
      "batch_size": 64,
      "lr": 0.001,
      "use_residual": true,
      "num_epochs": 100
    },
    "fold_accuracies": [
      0.4189406099518459,
      0.42467948717948717,
      0.4533762057877814,
      0.45264847512038525,
      0.42096774193548386
    ],
    "fold_f1_scores": [
      0.3500867890324058,
      0.39569412433351503,
      0.4172288651566401,
      0.3039723440791304,
      0.27585495998059667
    ],
    "mean_accuracy": 0.43412250399499663,
    "std_accuracy": 0.015534637923183547,
    "mean_f1": 0.34856741651645756,
    "std_f1": 0.05331688556743514
  },
  "config_11": {
    "config": {
      "model_type": "sage",
      "hidden_channels": 64,
      "num_layers": 2,
      "dropout": 0.2,
      "batch_size": 64,
      "lr": 0.0005,
      "use_residual": false,
      "num_epochs": 100
    },
    "fold_accuracies": [
      0.43980738362760835,
      0.421474358974359,
      0.44855305466237944,
      0.45585874799357945,
      0.42096774193548386
    ],
    "fold_f1_scores": [
      0.3633493752552895,
      0.3930198622148005,
      0.40391432821169904,
      0.41684891569400856,
      0.27585495998059667
    ],
    "mean_accuracy": 0.437332257438682,
    "std_accuracy": 0.014103430104952058,
    "mean_f1": 0.37059748827127886,
    "std_f1": 0.05055818632965783
  },
  "config_12": {
    "config": {
      "model_type": "sage",