{
  "0": {
    "precision": 0.3981042654028436,
    "recall": 0.7304347826086957,
    "f1-score": 0.5153374233128835,
    "support": 230.0
  },
  "1": {
    "precision": 0.4810126582278481,
    "recall": 0.3275862068965517,
    "f1-score": 0.38974358974358975,
    "support": 232.0
  },
  "2": {
    "precision": 0.0,
    "recall": 0.0,
    "f1-score": 0.0,
    "support": 42.0
  },
  "3": {
    "precision": 1.0,
    "recall": 0.5138888888888888,
    "f1-score": 0.6788990825688073,
    "support": 72.0
  },
  "4": {
    "precision": 0.0,
    "recall": 0.0,
    "f1-score": 0.0,
    "support": 13.0
  },
  "6": {
    "precision": 0.2,
    "recall": 0.037037037037037035,
    "f1-score": 0.0625,
    "support": 27.0
  },
  "7": {
    "precision": 0.0,
    "recall": 0.0,
    "f1-score": 0.0,
    "support": 6.0
  },
  "accuracy": 0.4533762057877814,
  "macro avg": {
    "precision": 0.29701670337581315,
    "recall": 0.22984955934731047,
    "f1-score": 0.23521144223218293,
    "support": 622.0
  },
  "weighted avg": {
    "precision": 0.4510593532982552,
    "recall": 0.4533762057877814,
    "f1-score": 0.4172288651566401,
    "support": 622.0
  }
}