{
  "0": {
    "precision": 0.4423791821561338,
    "recall": 0.9118773946360154,
    "f1-score": 0.5957446808510639,
    "support": 261.0
  },
  "1": {
    "precision": 0.4528301886792453,
    "recall": 0.10572687224669604,
    "f1-score": 0.17142857142857143,
    "support": 227.0
  },
  "2": {
    "precision": 0.0,
    "recall": 0.0,
    "f1-score": 0.0,
    "support": 26.0
  },
  "3": {
    "precision": 0.75,
    "recall": 0.4,
    "f1-score": 0.5217391304347827,
    "support": 60.0
  },
  "4": {
    "precision": 0.0,
    "recall": 0.0,
    "f1-score": 0.0,
    "support": 14.0
  },
  "5": {
    "precision": 0.0,
    "recall": 0.0,
    "f1-score": 0.0,
    "support": 1.0
  },
  "6": {
    "precision": 0.0,
    "recall": 0.0,
    "f1-score": 0.0,
    "support": 27.0
  },
  "7": {
    "precision": 0.0,
    "recall": 0.0,
    "f1-score": 0.0,
    "support": 7.0
  },
  "accuracy": 0.4590690208667737,
  "macro avg": {
    "precision": 0.2056511713544224,
    "recall": 0.17720053336033892,
    "f1-score": 0.16111404783930225,
    "support": 623.0
  },
  "weighted avg": {
    "precision": 0.4225576554942851,
    "recall": 0.4590690208667737,
    "f1-score": 0.3622921271950247,
    "support": 623.0
  }
}