{
  "0": {
    "precision": 0.41098901098901097,
    "recall": 0.8025751072961373,
    "f1-score": 0.5436046511627907,
    "support": 233.0
  },
  "1": {
    "precision": 0.41732283464566927,
    "recall": 0.23766816143497757,
    "f1-score": 0.3028571428571429,
    "support": 223.0
  },
  "2": {
    "precision": 0.0,
    "recall": 0.0,
    "f1-score": 0.0,
    "support": 39.0
  },
  "3": {
    "precision": 1.0,
    "recall": 0.5466666666666666,
    "f1-score": 0.7068965517241379,
    "support": 75.0
  },
  "4": {
    "precision": 0.0,
    "recall": 0.0,
    "f1-score": 0.0,
    "support": 15.0
  },
  "6": {
    "precision": 0.0,
    "recall": 0.0,
    "f1-score": 0.0,
    "support": 27.0
  },
  "7": {
    "precision": 0.0,
    "recall": 0.0,
    "f1-score": 0.0,
    "support": 11.0
  },
  "accuracy": 0.4510433386837881,
  "macro avg": {
    "precision": 0.26118740651924005,
    "recall": 0.22670141934254023,
    "f1-score": 0.2219083351062959,
    "support": 623.0
  },
  "weighted avg": {
    "precision": 0.4234726030279676,
    "recall": 0.4510433386837881,
    "f1-score": 0.39681262914507776,
    "support": 623.0
  }
}