{
  "0": {
    "precision": 0.4083129584352078,
    "recall": 0.7260869565217392,
    "f1-score": 0.5226917057902973,
    "support": 230.0
  },
  "1": {
    "precision": 0.47619047619047616,
    "recall": 0.3017241379310345,
    "f1-score": 0.36939313984168864,
    "support": 232.0
  },
  "2": {
    "precision": 0.0,
    "recall": 0.0,
    "f1-score": 0.0,
    "support": 42.0
  },
  "3": {
    "precision": 0.8064516129032258,
    "recall": 0.6944444444444444,
    "f1-score": 0.746268656716418,
    "support": 72.0
  },
  "4": {
    "precision": 0.0,
    "recall": 0.0,
    "f1-score": 0.0,
    "support": 13.0
  },
  "6": {
    "precision": 0.25,
    "recall": 0.037037037037037035,
    "f1-score": 0.06451612903225806,
    "support": 27.0
  },
  "7": {
    "precision": 0.0,
    "recall": 0.0,
    "f1-score": 0.0,
    "support": 6.0
  },
  "accuracy": 0.4630225080385852,
  "macro avg": {
    "precision": 0.27727929250412997,
    "recall": 0.25132751084775073,
    "f1-score": 0.2432670901972374,
    "support": 622.0
  },
  "weighted avg": {
    "precision": 0.43280174766128704,
    "recall": 0.4630225080385852,
    "f1-score": 0.4202436970136547,
    "support": 622.0
  }
}