{
  "0": {
    "precision": 0.3896797153024911,
    "recall": 0.9733333333333334,
    "f1-score": 0.556543837357052,
    "support": 225.0
  },
  "1": {
    "precision": 0.7272727272727273,
    "recall": 0.03619909502262444,
    "f1-score": 0.06896551724137931,
    "support": 221.0
  },
  "2": {
    "precision": 0.0,
    "recall": 0.0,
    "f1-score": 0.0,
    "support": 32.0
  },
  "3": {
    "precision": 0.8297872340425532,
    "recall": 0.582089552238806,
    "f1-score": 0.6842105263157895,
    "support": 67.0
  },
  "4": {
    "precision": 0.0,
    "recall": 0.0,
    "f1-score": 0.0,
    "support": 26.0
  },
  "6": {
    "precision": 0.0,
    "recall": 0.0,
    "f1-score": 0.0,
    "support": 40.0
  },
  "7": {
    "precision": 0.0,
    "recall": 0.0,
    "f1-score": 0.0,
    "support": 9.0
  },
  "accuracy": 0.4290322580645161,
  "macro avg": {
    "precision": 0.2781056680882531,
    "recall": 0.22737456865639485,
    "f1-score": 0.187102840130603,
    "support": 620.0
  },
  "weighted avg": {
    "precision": 0.4903241183083618,
    "recall": 0.4290322580645161,
    "f1-score": 0.3004933031916765,
    "support": 620.0
  }
}