{
  "0": {
    "precision": 0.3949771689497717,
    "recall": 0.7521739130434782,
    "f1-score": 0.5179640718562875,
    "support": 230.0
  },
  "1": {
    "precision": 0.4897959183673469,
    "recall": 0.3103448275862069,
    "f1-score": 0.37994722955145116,
    "support": 232.0
  },
  "2": {
    "precision": 0.0,
    "recall": 0.0,
    "f1-score": 0.0,
    "support": 42.0
  },
  "3": {
    "precision": 1.0,
    "recall": 0.5138888888888888,
    "f1-score": 0.6788990825688073,
    "support": 72.0
  },
  "4": {
    "precision": 0.0,
    "recall": 0.0,
    "f1-score": 0.0,
    "support": 13.0
  },
  "6": {
    "precision": 0.0,
    "recall": 0.0,
    "f1-score": 0.0,
    "support": 27.0
  },
  "7": {
    "precision": 0.0,
    "recall": 0.0,
    "f1-score": 0.0,
    "support": 6.0
  },
  "accuracy": 0.4533762057877814,
  "macro avg": {
    "precision": 0.2692532981881598,
    "recall": 0.22520108993122487,
    "f1-score": 0.2252586262823637,
    "support": 622.0
  },
  "weighted avg": {
    "precision": 0.4444974307390225,
    "recall": 0.4533762057877814,
    "f1-score": 0.41183316354957705,
    "support": 622.0
  }
}