{
  "0": {
    "precision": 0.42924528301886794,
    "recall": 0.3905579399141631,
    "f1-score": 0.4089887640449439,
    "support": 233.0
  },
  "1": {
    "precision": 0.3972972972972973,
    "recall": 0.6591928251121076,
    "f1-score": 0.4957841483979764,
    "support": 223.0
  },
  "2": {
    "precision": 0.0,
    "recall": 0.0,
    "f1-score": 0.0,
    "support": 39.0
  },
  "3": {
    "precision": 1.0,
    "recall": 0.5466666666666666,
    "f1-score": 0.7068965517241379,
    "support": 75.0
  },
  "4": {
    "precision": 0.0,
    "recall": 0.0,
    "f1-score": 0.0,
    "support": 15.0
  },
  "6": {
    "precision": 0.0,
    "recall": 0.0,
    "f1-score": 0.0,
    "support": 27.0
  },
  "7": {
    "precision": 0.0,
    "recall": 0.0,
    "f1-score": 0.0,
    "support": 11.0
  },
  "accuracy": 0.4478330658105939,
  "macro avg": {
    "precision": 0.26093465433088076,
    "recall": 0.22805963309899105,
    "f1-score": 0.2302384948810083,
    "support": 623.0
  },
  "weighted avg": {
    "precision": 0.42313234067527056,
    "recall": 0.4478330658105939,
    "f1-score": 0.4155240585787014,
    "support": 623.0
  }
}