{
  "0": {
    "precision": 0.3924050632911392,
    "recall": 0.5232067510548524,
    "f1-score": 0.44846292947558775,
    "support": 237.0
  },
  "1": {
    "precision": 0.38686131386861317,
    "recall": 0.4774774774774775,
    "f1-score": 0.4274193548387097,
    "support": 222.0
  },
  "2": {
    "precision": 0.0,
    "recall": 0.0,
    "f1-score": 0.0,
    "support": 35.0
  },
  "3": {
    "precision": 1.0,
    "recall": 0.5151515151515151,
    "f1-score": 0.6799999999999999,
    "support": 66.0
  },
  "4": {
    "precision": 0.0,
    "recall": 0.0,
    "f1-score": 0.0,
    "support": 16.0
  },
  "5": {
    "precision": 0.0,
    "recall": 0.0,
    "f1-score": 0.0,
    "support": 2.0
  },
  "6": {
    "precision": 0.0,
    "recall": 0.0,
    "f1-score": 0.0,
    "support": 36.0
  },
  "7": {
    "precision": 0.0,
    "recall": 0.0,
    "f1-score": 0.0,
    "support": 10.0
  },
  "accuracy": 0.4230769230769231,
  "macro avg": {
    "precision": 0.22240829714496904,
    "recall": 0.18947946796048062,
    "f1-score": 0.19448528553928718,
    "support": 624.0
  },
  "weighted avg": {
    "precision": 0.3924410443571028,
    "recall": 0.4230769230769231,
    "f1-score": 0.3943154023395959,
    "support": 624.0
  }
}