{
  "0": {
    "precision": 0.3899782135076253,
    "recall": 0.7782608695652173,
    "f1-score": 0.5195936139332367,
    "support": 230.0
  },
  "1": {
    "precision": 0.48412698412698413,
    "recall": 0.2629310344827586,
    "f1-score": 0.3407821229050279,
    "support": 232.0
  },
  "2": {
    "precision": 0.0,
    "recall": 0.0,
    "f1-score": 0.0,
    "support": 42.0
  },
  "3": {
    "precision": 1.0,
    "recall": 0.5138888888888888,
    "f1-score": 0.6788990825688073,
    "support": 72.0
  },
  "4": {
    "precision": 0.0,
    "recall": 0.0,
    "f1-score": 0.0,
    "support": 13.0
  },
  "6": {
    "precision": 0.0,
    "recall": 0.0,
    "f1-score": 0.0,
    "support": 27.0
  },
  "7": {
    "precision": 0.0,
    "recall": 0.0,
    "f1-score": 0.0,
    "support": 6.0
  },
  "accuracy": 0.4453376205787781,
  "macro avg": {
    "precision": 0.26772931394780136,
    "recall": 0.2221543989909807,
    "f1-score": 0.21989640277243883,
    "support": 622.0
  },
  "weighted avg": {
    "precision": 0.4405344846048459,
    "recall": 0.4453376205787781,
    "f1-score": 0.3978275203594293,
    "support": 622.0
  }
}