{
  "0": {
    "precision": 0.4430379746835443,
    "recall": 0.15021459227467812,
    "f1-score": 0.22435897435897437,
    "support": 233.0
  },
  "1": {
    "precision": 0.39520958083832336,
    "recall": 0.8878923766816144,
    "f1-score": 0.5469613259668508,
    "support": 223.0
  },
  "2": {
    "precision": 0.0,
    "recall": 0.0,
    "f1-score": 0.0,
    "support": 39.0
  },
  "3": {
    "precision": 0.9534883720930233,
    "recall": 0.5466666666666666,
    "f1-score": 0.6949152542372881,
    "support": 75.0
  },
  "4": {
    "precision": 0.0,
    "recall": 0.0,
    "f1-score": 0.0,
    "support": 15.0
  },
  "6": {
    "precision": 0.0,
    "recall": 0.0,
    "f1-score": 0.0,
    "support": 27.0
  },
  "7": {
    "precision": 0.0,
    "recall": 0.0,
    "f1-score": 0.0,
    "support": 11.0
  },
  "accuracy": 0.43980738362760835,
  "macro avg": {
    "precision": 0.2559622753735558,
    "recall": 0.22639623366042275,
    "f1-score": 0.20946222208044474,
    "support": 623.0
  },
  "weighted avg": {
    "precision": 0.42194416137269447,
    "recall": 0.43980738362760835,
    "f1-score": 0.3633493752552895,
    "support": 623.0
  }
}