{
  "0": {
    "precision": 0.4365482233502538,
    "recall": 0.9885057471264368,
    "f1-score": 0.6056338028169014,
    "support": 261.0
  },
  "1": {
    "precision": 0.0,
    "recall": 0.0,
    "f1-score": 0.0,
    "support": 227.0
  },
  "2": {
    "precision": 0.0,
    "recall": 0.0,
    "f1-score": 0.0,
    "support": 26.0
  },
  "3": {
    "precision": 0.75,
    "recall": 0.4,
    "f1-score": 0.5217391304347827,
    "support": 60.0
  },
  "4": {
    "precision": 0.0,
    "recall": 0.0,
    "f1-score": 0.0,
    "support": 14.0
  },
  "5": {
    "precision": 0.0,
    "recall": 0.0,
    "f1-score": 0.0,
    "support": 1.0
  },
  "6": {
    "precision": 0.0,
    "recall": 0.0,
    "f1-score": 0.0,
    "support": 27.0
  },
  "7": {
    "precision": 0.0,
    "recall": 0.0,
    "f1-score": 0.0,
    "support": 7.0
  },
  "accuracy": 0.45264847512038525,
  "macro avg": {
    "precision": 0.14831852791878172,
    "recall": 0.1735632183908046,
    "f1-score": 0.14092161665646052,
    "support": 623.0
  },
  "weighted avg": {
    "precision": 0.25511891861061997,
    "recall": 0.45264847512038525,
    "f1-score": 0.3039723440791304,
    "support": 623.0
  }
}