{
  "0": {
    "precision": 0.39828693790149894,
    "recall": 0.808695652173913,
    "f1-score": 0.533715925394548,
    "support": 230.0
  },
  "1": {
    "precision": 0.5084745762711864,
    "recall": 0.25862068965517243,
    "f1-score": 0.34285714285714286,
    "support": 232.0
  },
  "2": {
    "precision": 0.0,
    "recall": 0.0,
    "f1-score": 0.0,
    "support": 42.0
  },
  "3": {
    "precision": 1.0,
    "recall": 0.5138888888888888,
    "f1-score": 0.6788990825688073,
    "support": 72.0
  },
  "4": {
    "precision": 0.0,
    "recall": 0.0,
    "f1-score": 0.0,
    "support": 13.0
  },
  "6": {
    "precision": 0.0,
    "recall": 0.0,
    "f1-score": 0.0,
    "support": 27.0
  },
  "7": {
    "precision": 0.0,
    "recall": 0.0,
    "f1-score": 0.0,
    "support": 6.0
  },
  "accuracy": 0.454983922829582,
  "macro avg": {
    "precision": 0.2723945020246693,
    "recall": 0.22588646153113917,
    "f1-score": 0.22221030726007118,
    "support": 622.0
  },
  "weighted avg": {
    "precision": 0.45268825950524116,
    "recall": 0.454983922829582,
    "f1-score": 0.40382355937067094,
    "support": 622.0
  }
}