{
  "0": {
    "precision": 0.4065281899109792,
    "recall": 0.5879828326180258,
    "f1-score": 0.48070175438596485,
    "support": 233.0
  },
  "1": {
    "precision": 0.3877551020408163,
    "recall": 0.4260089686098655,
    "f1-score": 0.405982905982906,
    "support": 223.0
  },
  "2": {
    "precision": 0.0,
    "recall": 0.0,
    "f1-score": 0.0,
    "support": 39.0
  },
  "3": {
    "precision": 1.0,
    "recall": 0.5466666666666666,
    "f1-score": 0.7068965517241379,
    "support": 75.0
  },
  "4": {
    "precision": 0.0,
    "recall": 0.0,
    "f1-score": 0.0,
    "support": 15.0
  },
  "6": {
    "precision": 0.0,
    "recall": 0.0,
    "f1-score": 0.0,
    "support": 27.0
  },
  "7": {
    "precision": 0.0,
    "recall": 0.0,
    "f1-score": 0.0,
    "support": 11.0
  },
  "accuracy": 0.43820224719101125,
  "macro avg": {
    "precision": 0.2563261845645422,
    "recall": 0.22295120969922255,
    "f1-score": 0.22765445887042984,
    "support": 623.0
  },
  "weighted avg": {
    "precision": 0.41122063564102757,
    "recall": 0.43820224719101125,
    "f1-score": 0.4102005428337531,
    "support": 623.0
  }
}