{
  "0": {
    "precision": 0.39913232104121477,
    "recall": 0.7896995708154506,
    "f1-score": 0.5302593659942363,
    "support": 233.0
  },
  "1": {
    "precision": 0.3305785123966942,
    "recall": 0.17937219730941703,
    "f1-score": 0.23255813953488372,
    "support": 223.0
  },
  "2": {
    "precision": 0.0,
    "recall": 0.0,
    "f1-score": 0.0,
    "support": 39.0
  },
  "3": {
    "precision": 1.0,
    "recall": 0.5466666666666666,
    "f1-score": 0.7068965517241379,
    "support": 75.0
  },
  "4": {
    "precision": 0.0,
    "recall": 0.0,
    "f1-score": 0.0,
    "support": 15.0
  },
  "6": {
    "precision": 0.0,
    "recall": 0.0,
    "f1-score": 0.0,
    "support": 27.0
  },
  "7": {
    "precision": 0.0,
    "recall": 0.0,
    "f1-score": 0.0,
    "support": 11.0
  },
  "accuracy": 0.42536115569823435,
  "macro avg": {
    "precision": 0.247101547633987,
    "recall": 0.2165340621130763,
    "f1-score": 0.2099591510361797,
    "support": 623.0
  },
  "weighted avg": {
    "precision": 0.3879885057256274,
    "recall": 0.42536115569823435,
    "f1-score": 0.366658328687394,
    "support": 623.0
  }
}