{
  "0": {
    "precision": 0.4457831325301205,
    "recall": 0.8505747126436781,
    "f1-score": 0.5849802371541503,
    "support": 261.0
  },
  "1": {
    "precision": 0.43010752688172044,
    "recall": 0.1762114537444934,
    "f1-score": 0.25,
    "support": 227.0
  },
  "2": {
    "precision": 0.0,
    "recall": 0.0,
    "f1-score": 0.0,
    "support": 26.0
  },
  "3": {
    "precision": 0.75,
    "recall": 0.4,
    "f1-score": 0.5217391304347827,
    "support": 60.0
  },
  "4": {
    "precision": 0.0,
    "recall": 0.0,
    "f1-score": 0.0,
    "support": 14.0
  },
  "5": {
    "precision": 0.0,
    "recall": 0.0,
    "f1-score": 0.0,
    "support": 1.0
  },
  "6": {
    "precision": 0.0,
    "recall": 0.0,
    "f1-score": 0.0,
    "support": 27.0
  },
  "7": {
    "precision": 0.0,
    "recall": 0.0,
    "f1-score": 0.0,
    "support": 7.0
  },
  "accuracy": 0.4590690208667737,
  "macro avg": {
    "precision": 0.20323633242648012,
    "recall": 0.17834827079852145,
    "f1-score": 0.16958992094861663,
    "support": 623.0
  },
  "weighted avg": {
    "precision": 0.4157043438082055,
    "recall": 0.4590690208667737,
    "f1-score": 0.38641121945958296,
    "support": 623.0
  }
}