{
  "0": {
    "precision": 0.4186666666666667,
    "recall": 0.6977777777777778,
    "f1-score": 0.5233333333333333,
    "support": 225.0
  },
  "1": {
    "precision": 0.41708542713567837,
    "recall": 0.3755656108597285,
    "f1-score": 0.3952380952380953,
    "support": 221.0
  },
  "2": {
    "precision": 0.0,
    "recall": 0.0,
    "f1-score": 0.0,
    "support": 32.0
  },
  "3": {
    "precision": 0.8260869565217391,
    "recall": 0.5671641791044776,
    "f1-score": 0.672566371681416,
    "support": 67.0
  },
  "4": {
    "precision": 0.0,
    "recall": 0.0,
    "f1-score": 0.0,
    "support": 26.0
  },
  "6": {
    "precision": 0.0,
    "recall": 0.0,
    "f1-score": 0.0,
    "support": 40.0
  },
  "7": {
    "precision": 0.0,
    "recall": 0.0,
    "f1-score": 0.0,
    "support": 9.0
  },
  "accuracy": 0.4483870967741935,
  "macro avg": {
    "precision": 0.2374055786177263,
    "recall": 0.23435822396314057,
    "f1-score": 0.22730540003612068,
    "support": 620.0
  },
  "weighted avg": {
    "precision": 0.3898769443289379,
    "recall": 0.4483870967741935,
    "f1-score": 0.4034831708875386,
    "support": 620.0
  }
}