{
  "0": {
    "precision": 0.3807531380753138,
    "recall": 0.38396624472573837,
    "f1-score": 0.3823529411764706,
    "support": 237.0
  },
  "1": {
    "precision": 0.3789173789173789,
    "recall": 0.5990990990990991,
    "f1-score": 0.46422338568935434,
    "support": 222.0
  },
  "2": {
    "precision": 0.0,
    "recall": 0.0,
    "f1-score": 0.0,
    "support": 35.0
  },
  "3": {
    "precision": 1.0,
    "recall": 0.5151515151515151,
    "f1-score": 0.6799999999999999,
    "support": 66.0
  },
  "4": {
    "precision": 0.0,
    "recall": 0.0,
    "f1-score": 0.0,
    "support": 16.0
  },
  "5": {
    "precision": 0.0,
    "recall": 0.0,
    "f1-score": 0.0,
    "support": 2.0
  },
  "6": {
    "precision": 0.0,
    "recall": 0.0,
    "f1-score": 0.0,
    "support": 36.0
  },
  "7": {
    "precision": 0.0,
    "recall": 0.0,
    "f1-score": 0.0,
    "support": 10.0
  },
  "accuracy": 0.41346153846153844,
  "macro avg": {
    "precision": 0.2199588146240866,
    "recall": 0.18727710737204406,
    "f1-score": 0.19082204085822813,
    "support": 624.0
  },
  "weighted avg": {
    "precision": 0.38518934590305687,
    "recall": 0.41346153846153844,
    "f1-score": 0.3823000619901606,
    "support": 624.0
  }
}