{
  "0": {
    "precision": 0.4060324825986079,
    "recall": 0.7608695652173914,
    "f1-score": 0.5295007564296521,
    "support": 230.0
  },
  "1": {
    "precision": 0.49333333333333335,
    "recall": 0.31896551724137934,
    "f1-score": 0.387434554973822,
    "support": 232.0
  },
  "2": {
    "precision": 0.0,
    "recall": 0.0,
    "f1-score": 0.0,
    "support": 42.0
  },
  "3": {
    "precision": 1.0,
    "recall": 0.5138888888888888,
    "f1-score": 0.6788990825688073,
    "support": 72.0
  },
  "4": {
    "precision": 0.0,
    "recall": 0.0,
    "f1-score": 0.0,
    "support": 13.0
  },
  "6": {
    "precision": 0.25,
    "recall": 0.037037037037037035,
    "f1-score": 0.06451612903225806,
    "support": 27.0
  },
  "7": {
    "precision": 0.0,
    "recall": 0.0,
    "f1-score": 0.0,
    "support": 6.0
  },
  "accuracy": 0.46141479099678456,
  "macro avg": {
    "precision": 0.3070522594188487,
    "recall": 0.2329658583406709,
    "f1-score": 0.23719293185779136,
    "support": 622.0
  },
  "weighted avg": {
    "precision": 0.4607569201463234,
    "recall": 0.46141479099678456,
    "f1-score": 0.4216923796809835,
    "support": 622.0
  }
}