{
  "0": {
    "precision": 0.4883720930232558,
    "recall": 0.09012875536480687,
    "f1-score": 0.15217391304347824,
    "support": 233.0
  },
  "1": {
    "precision": 0.39332096474953615,
    "recall": 0.9506726457399103,
    "f1-score": 0.5564304461942258,
    "support": 223.0
  },
  "2": {
    "precision": 0.0,
    "recall": 0.0,
    "f1-score": 0.0,
    "support": 39.0
  },
  "3": {
    "precision": 1.0,
    "recall": 0.5466666666666666,
    "f1-score": 0.7068965517241379,
    "support": 75.0
  },
  "4": {
    "precision": 0.0,
    "recall": 0.0,
    "f1-score": 0.0,
    "support": 15.0
  },
  "6": {
    "precision": 0.0,
    "recall": 0.0,
    "f1-score": 0.0,
    "support": 27.0
  },
  "7": {
    "precision": 0.0,
    "recall": 0.0,
    "f1-score": 0.0,
    "support": 11.0
  },
  "accuracy": 0.43980738362760835,
  "macro avg": {
    "precision": 0.2688132939675417,
    "recall": 0.2267811525387691,
    "f1-score": 0.2022144158516917,
    "support": 623.0
  },
  "weighted avg": {
    "precision": 0.44382226775853156,
    "recall": 0.43980738362760835,
    "f1-score": 0.3411841936111607,
    "support": 623.0
  }
}