{
  "0": {
    "precision": 0.39373601789709173,
    "recall": 0.7652173913043478,
    "f1-score": 0.5199409158050222,
    "support": 230.0
  },
  "1": {
    "precision": 0.4782608695652174,
    "recall": 0.28448275862068967,
    "f1-score": 0.35675675675675683,
    "support": 232.0
  },
  "2": {
    "precision": 0.0,
    "recall": 0.0,
    "f1-score": 0.0,
    "support": 42.0
  },
  "3": {
    "precision": 1.0,
    "recall": 0.5138888888888888,
    "f1-score": 0.6788990825688073,
    "support": 72.0
  },
  "4": {
    "precision": 0.0,
    "recall": 0.0,
    "f1-score": 0.0,
    "support": 13.0
  },
  "6": {
    "precision": 0.0,
    "recall": 0.0,
    "f1-score": 0.0,
    "support": 27.0
  },
  "7": {
    "precision": 0.0,
    "recall": 0.0,
    "f1-score": 0.0,
    "support": 6.0
  },
  "accuracy": 0.44855305466237944,
  "macro avg": {
    "precision": 0.2674281267803299,
    "recall": 0.22336986268770379,
    "f1-score": 0.22222810787579803,
    "support": 622.0
  },
  "weighted avg": {
    "precision": 0.4397360222756616,
    "recall": 0.44855305466237944,
    "f1-score": 0.40391432821169904,
    "support": 622.0
  }
}