{
  "0": {
    "precision": 0.38571428571428573,
    "recall": 0.11392405063291139,
    "f1-score": 0.1758957654723127,
    "support": 237.0
  },
  "1": {
    "precision": 0.38269230769230766,
    "recall": 0.8963963963963963,
    "f1-score": 0.536388140161725,
    "support": 222.0
  },
  "2": {
    "precision": 0.0,
    "recall": 0.0,
    "f1-score": 0.0,
    "support": 35.0
  },
  "3": {
    "precision": 1.0,
    "recall": 0.5151515151515151,
    "f1-score": 0.6799999999999999,
    "support": 66.0
  },
  "4": {
    "precision": 0.0,
    "recall": 0.0,
    "f1-score": 0.0,
    "support": 16.0
  },
  "5": {
    "precision": 0.0,
    "recall": 0.0,
    "f1-score": 0.0,
    "support": 2.0
  },
  "6": {
    "precision": 0.0,
    "recall": 0.0,
    "f1-score": 0.0,
    "support": 36.0
  },
  "7": {
    "precision": 0.0,
    "recall": 0.0,
    "f1-score": 0.0,
    "support": 10.0
  },
  "accuracy": 0.4166666666666667,
  "macro avg": {
    "precision": 0.22105082417582417,
    "recall": 0.19068399527260285,
    "f1-score": 0.17403548820425468,
    "support": 624.0
  },
  "weighted avg": {
    "precision": 0.38841663144547756,
    "recall": 0.4166666666666667,
    "f1-score": 0.32956003771288633,
    "support": 624.0
  }
}