{
  "0": {
    "precision": 0.4216417910447761,
    "recall": 0.49130434782608695,
    "f1-score": 0.4538152610441767,
    "support": 230.0
  },
  "1": {
    "precision": 0.47619047619047616,
    "recall": 0.5603448275862069,
    "f1-score": 0.5148514851485148,
    "support": 232.0
  },
  "2": {
    "precision": 0.42857142857142855,
    "recall": 0.07142857142857142,
    "f1-score": 0.12244897959183672,
    "support": 42.0
  },
  "3": {
    "precision": 0.8653846153846154,
    "recall": 0.625,
    "f1-score": 0.7258064516129031,
    "support": 72.0
  },
  "4": {
    "precision": 0.0,
    "recall": 0.0,
    "f1-score": 0.0,
    "support": 13.0
  },
  "6": {
    "precision": 0.16666666666666666,
    "recall": 0.037037037037037035,
    "f1-score": 0.06060606060606061,
    "support": 27.0
  },
  "7": {
    "precision": 0.0,
    "recall": 0.0,
    "f1-score": 0.0,
    "support": 6.0
  },
  "accuracy": 0.4694533762057878,
  "macro avg": {
    "precision": 0.3369221396939947,
    "recall": 0.2550163976968432,
    "f1-score": 0.26821831971478455,
    "support": 622.0
  },
  "weighted avg": {
    "precision": 0.46987378573019495,
    "recall": 0.4694533762057878,
    "f1-score": 0.4547593888906204,
    "support": 622.0
  }
}