{
  "0": {
    "precision": 0.3932384341637011,
    "recall": 0.9822222222222222,
    "f1-score": 0.5616264294790343,
    "support": 225.0
  },
  "1": {
    "precision": 0.5454545454545454,
    "recall": 0.027149321266968326,
    "f1-score": 0.05172413793103448,
    "support": 221.0
  },
  "2": {
    "precision": 0.0,
    "recall": 0.0,
    "f1-score": 0.0,
    "support": 32.0
  },
  "3": {
    "precision": 0.8297872340425532,
    "recall": 0.582089552238806,
    "f1-score": 0.6842105263157895,
    "support": 67.0
  },
  "4": {
    "precision": 0.0,
    "recall": 0.0,
    "f1-score": 0.0,
    "support": 26.0
  },
  "6": {
    "precision": 0.0,
    "recall": 0.0,
    "f1-score": 0.0,
    "support": 40.0
  },
  "7": {
    "precision": 0.0,
    "recall": 0.0,
    "f1-score": 0.0,
    "support": 9.0
  },
  "accuracy": 0.4290322580645161,
  "macro avg": {
    "precision": 0.25264003052297135,
    "recall": 0.2273515851039995,
    "f1-score": 0.18536587053226544,
    "support": 620.0
  },
  "weighted avg": {
    "precision": 0.42680620469861025,
    "recall": 0.4290322580645161,
    "f1-score": 0.2961920748043536,
    "support": 620.0
  }
}