{
  "0": {
    "precision": 0.4406779661016949,
    "recall": 0.6973180076628352,
    "f1-score": 0.5400593471810089,
    "support": 261.0
  },
  "1": {
    "precision": 0.43820224719101125,
    "recall": 0.3436123348017621,
    "f1-score": 0.3851851851851852,
    "support": 227.0
  },
  "2": {
    "precision": 0.0,
    "recall": 0.0,
    "f1-score": 0.0,
    "support": 26.0
  },
  "3": {
    "precision": 0.75,
    "recall": 0.4,
    "f1-score": 0.5217391304347827,
    "support": 60.0
  },
  "4": {
    "precision": 0.0,
    "recall": 0.0,
    "f1-score": 0.0,
    "support": 14.0
  },
  "5": {
    "precision": 0.0,
    "recall": 0.0,
    "f1-score": 0.0,
    "support": 1.0
  },
  "6": {
    "precision": 0.0,
    "recall": 0.0,
    "f1-score": 0.0,
    "support": 27.0
  },
  "7": {
    "precision": 0.0,
    "recall": 0.0,
    "f1-score": 0.0,
    "support": 7.0
  },
  "accuracy": 0.45585874799357945,
  "macro avg": {
    "precision": 0.20361002666158828,
    "recall": 0.18011629280807467,
    "f1-score": 0.18087295785012208,
    "support": 623.0
  },
  "weighted avg": {
    "precision": 0.41651502289711384,
    "recall": 0.45585874799357945,
    "f1-score": 0.41684891569400856,
    "support": 623.0
  }
}