{
  "0": {
    "precision": 0.4397705544933078,
    "recall": 0.8812260536398467,
    "f1-score": 0.5867346938775511,
    "support": 261.0
  },
  "1": {
    "precision": 0.45588235294117646,
    "recall": 0.13656387665198239,
    "f1-score": 0.21016949152542375,
    "support": 227.0
  },
  "2": {
    "precision": 0.0,
    "recall": 0.0,
    "f1-score": 0.0,
    "support": 26.0
  },
  "3": {
    "precision": 0.75,
    "recall": 0.4,
    "f1-score": 0.5217391304347827,
    "support": 60.0
  },
  "4": {
    "precision": 0.0,
    "recall": 0.0,
    "f1-score": 0.0,
    "support": 14.0
  },
  "5": {
    "precision": 0.0,
    "recall": 0.0,
    "f1-score": 0.0,
    "support": 1.0
  },
  "6": {
    "precision": 0.0,
    "recall": 0.0,
    "f1-score": 0.0,
    "support": 27.0
  },
  "7": {
    "precision": 0.0,
    "recall": 0.0,
    "f1-score": 0.0,
    "support": 7.0
  },
  "accuracy": 0.45746388443017655,
  "macro avg": {
    "precision": 0.20570661342931054,
    "recall": 0.17722374128647866,
    "f1-score": 0.1648304144797197,
    "support": 623.0
  },
  "weighted avg": {
    "precision": 0.42257690022536176,
    "recall": 0.45746388443017655,
    "f1-score": 0.3726333507293723,
    "support": 623.0
  }
}