{
  "0": {
    "precision": 0.4004329004329004,
    "recall": 0.8222222222222222,
    "f1-score": 0.5385735080058225,
    "support": 225.0
  },
  "1": {
    "precision": 0.34234234234234234,
    "recall": 0.17194570135746606,
    "f1-score": 0.2289156626506024,
    "support": 221.0
  },
  "2": {
    "precision": 0.0,
    "recall": 0.0,
    "f1-score": 0.0,
    "support": 32.0
  },
  "3": {
    "precision": 0.8297872340425532,
    "recall": 0.582089552238806,
    "f1-score": 0.6842105263157895,
    "support": 67.0
  },
  "4": {
    "precision": 0.0,
    "recall": 0.0,
    "f1-score": 0.0,
    "support": 26.0
  },
  "6": {
    "precision": 0.0,
    "recall": 0.0,
    "f1-score": 0.0,
    "support": 40.0
  },
  "7": {
    "precision": 0.0,
    "recall": 0.0,
    "f1-score": 0.0,
    "support": 9.0
  },
  "accuracy": 0.42258064516129035,
  "macro avg": {
    "precision": 0.22465178240254227,
    "recall": 0.22517963940264205,
    "f1-score": 0.2073856709960306,
    "support": 620.0
  },
  "weighted avg": {
    "precision": 0.35701742731598596,
    "recall": 0.42258064516129035,
    "f1-score": 0.35098630001653397,
    "support": 620.0
  }
}