{
  "0": {
    "precision": 0.37735849056603776,
    "recall": 0.33755274261603374,
    "f1-score": 0.356347438752784,
    "support": 237.0
  },
  "1": {
    "precision": 0.38095238095238093,
    "recall": 0.6486486486486487,
    "f1-score": 0.48,
    "support": 222.0
  },
  "2": {
    "precision": 0.0,
    "recall": 0.0,
    "f1-score": 0.0,
    "support": 35.0
  },
  "3": {
    "precision": 1.0,
    "recall": 0.5151515151515151,
    "f1-score": 0.6799999999999999,
    "support": 66.0
  },
  "4": {
    "precision": 0.0,
    "recall": 0.0,
    "f1-score": 0.0,
    "support": 16.0
  },
  "5": {
    "precision": 0.0,
    "recall": 0.0,
    "f1-score": 0.0,
    "support": 2.0
  },
  "6": {
    "precision": 0.0,
    "recall": 0.0,
    "f1-score": 0.0,
    "support": 36.0
  },
  "7": {
    "precision": 0.0,
    "recall": 0.0,
    "f1-score": 0.0,
    "support": 10.0
  },
  "accuracy": 0.41346153846153844,
  "macro avg": {
    "precision": 0.21978885893980232,
    "recall": 0.18766911330202468,
    "f1-score": 0.189543429844098,
    "support": 624.0
  },
  "weighted avg": {
    "precision": 0.3846240237749672,
    "recall": 0.41346153846153844,
    "f1-score": 0.3780358060647593,
    "support": 624.0
  }
}