{
  "0": {
    "precision": 0.4020979020979021,
    "recall": 0.49356223175965663,
    "f1-score": 0.44315992292870904,
    "support": 233.0
  },
  "1": {
    "precision": 0.375,
    "recall": 0.4977578475336323,
    "f1-score": 0.4277456647398844,
    "support": 223.0
  },
  "2": {
    "precision": 0.0,
    "recall": 0.0,
    "f1-score": 0.0,
    "support": 39.0
  },
  "3": {
    "precision": 1.0,
    "recall": 0.5466666666666666,
    "f1-score": 0.7068965517241379,
    "support": 75.0
  },
  "4": {
    "precision": 0.0,
    "recall": 0.0,
    "f1-score": 0.0,
    "support": 15.0
  },
  "6": {
    "precision": 0.0,
    "recall": 0.0,
    "f1-score": 0.0,
    "support": 27.0
  },
  "7": {
    "precision": 0.0,
    "recall": 0.0,
    "f1-score": 0.0,
    "support": 11.0
  },
  "accuracy": 0.42857142857142855,
  "macro avg": {
    "precision": 0.2538711288711289,
    "recall": 0.21971239227999367,
    "f1-score": 0.22540030562753305,
    "support": 623.0
  },
  "weighted avg": {
    "precision": 0.4049980917958446,
    "recall": 0.42857142857142855,
    "f1-score": 0.40394989832856143,
    "support": 623.0
  }
}