{
  "0": {
    "precision": 0.425,
    "recall": 0.21888412017167383,
    "f1-score": 0.28895184135977336,
    "support": 233.0
  },
  "1": {
    "precision": 0.4025974025974026,
    "recall": 0.8340807174887892,
    "f1-score": 0.543065693430657,
    "support": 223.0
  },
  "2": {
    "precision": 0.0,
    "recall": 0.0,
    "f1-score": 0.0,
    "support": 39.0
  },
  "3": {
    "precision": 1.0,
    "recall": 0.5466666666666666,
    "f1-score": 0.7068965517241379,
    "support": 75.0
  },
  "4": {
    "precision": 0.0,
    "recall": 0.0,
    "f1-score": 0.0,
    "support": 15.0
  },
  "6": {
    "precision": 0.0,
    "recall": 0.0,
    "f1-score": 0.0,
    "support": 27.0
  },
  "7": {
    "precision": 0.0,
    "recall": 0.0,
    "f1-score": 0.0,
    "support": 11.0
  },
  "accuracy": 0.4462279293739968,
  "macro avg": {
    "precision": 0.2610853432282004,
    "recall": 0.2285187863324471,
    "f1-score": 0.21984486950208118,
    "support": 623.0
  },
  "weighted avg": {
    "precision": 0.4234417669008359,
    "recall": 0.4462279293739968,
    "f1-score": 0.3875548475941799,
    "support": 623.0
  }
}