{
  "0": {
    "precision": 0.39045936395759717,
    "recall": 0.9822222222222222,
    "f1-score": 0.5587863463969659,
    "support": 225.0
  },
  "1": {
    "precision": 0.14285714285714285,
    "recall": 0.004524886877828055,
    "f1-score": 0.008771929824561403,
    "support": 221.0
  },
  "2": {
    "precision": 0.0,
    "recall": 0.0,
    "f1-score": 0.0,
    "support": 32.0
  },
  "3": {
    "precision": 0.8297872340425532,
    "recall": 0.582089552238806,
    "f1-score": 0.6842105263157895,
    "support": 67.0
  },
  "4": {
    "precision": 0.0,
    "recall": 0.0,
    "f1-score": 0.0,
    "support": 26.0
  },
  "6": {
    "precision": 0.0,
    "recall": 0.0,
    "f1-score": 0.0,
    "support": 40.0
  },
  "7": {
    "precision": 0.0,
    "recall": 0.0,
    "f1-score": 0.0,
    "support": 9.0
  },
  "accuracy": 0.42096774193548386,
  "macro avg": {
    "precision": 0.19472910583675618,
    "recall": 0.22411952304840804,
    "f1-score": 0.17882411464818812,
    "support": 620.0
  },
  "weighted avg": {
    "precision": 0.28229117764957906,
    "recall": 0.42096774193548386,
    "f1-score": 0.2798510156350053,
    "support": 620.0
  }
}