{
  "0": {
    "precision": 0.3861003861003861,
    "recall": 0.8888888888888888,
    "f1-score": 0.5383580080753702,
    "support": 225.0
  },
  "1": {
    "precision": 0.34545454545454546,
    "recall": 0.08597285067873303,
    "f1-score": 0.13768115942028986,
    "support": 221.0
  },
  "2": {
    "precision": 0.0,
    "recall": 0.0,
    "f1-score": 0.0,
    "support": 32.0
  },
  "3": {
    "precision": 0.8297872340425532,
    "recall": 0.582089552238806,
    "f1-score": 0.6842105263157895,
    "support": 67.0
  },
  "4": {
    "precision": 0.0,
    "recall": 0.0,
    "f1-score": 0.0,
    "support": 26.0
  },
  "6": {
    "precision": 0.0,
    "recall": 0.0,
    "f1-score": 0.0,
    "support": 40.0
  },
  "7": {
    "precision": 0.0,
    "recall": 0.0,
    "f1-score": 0.0,
    "support": 9.0
  },
  "accuracy": 0.4161290322580645,
  "macro avg": {
    "precision": 0.2230488807996407,
    "recall": 0.22242161311520398,
    "f1-score": 0.19432138483020708,
    "support": 620.0
  },
  "weighted avg": {
    "precision": 0.35292546144982656,
    "recall": 0.4161290322580645,
    "f1-score": 0.3183874085677423,
    "support": 620.0
  }
}