{
  "0": {
    "precision": 0.4005681818181818,
    "recall": 0.6051502145922747,
    "f1-score": 0.48205128205128206,
    "support": 233.0
  },
  "1": {
    "precision": 0.38427947598253276,
    "recall": 0.39461883408071746,
    "f1-score": 0.3893805309734513,
    "support": 223.0
  },
  "2": {
    "precision": 0.0,
    "recall": 0.0,
    "f1-score": 0.0,
    "support": 39.0
  },
  "3": {
    "precision": 0.9761904761904762,
    "recall": 0.5466666666666666,
    "f1-score": 0.7008547008547009,
    "support": 75.0
  },
  "4": {
    "precision": 0.0,
    "recall": 0.0,
    "f1-score": 0.0,
    "support": 15.0
  },
  "6": {
    "precision": 0.0,
    "recall": 0.0,
    "f1-score": 0.0,
    "support": 27.0
  },
  "7": {
    "precision": 0.0,
    "recall": 0.0,
    "f1-score": 0.0,
    "support": 11.0
  },
  "accuracy": 0.4333868378812199,
  "macro avg": {
    "precision": 0.2515768762844558,
    "recall": 0.22091938790566554,
    "f1-score": 0.22461235912563346,
    "support": 623.0
  },
  "weighted avg": {
    "precision": 0.40488121223439305,
    "recall": 0.4333868378812199,
    "f1-score": 0.40403516804033857,
    "support": 623.0
  }
}