{
  "0": {
    "precision": 0.43257443082311736,
    "recall": 0.946360153256705,
    "f1-score": 0.59375,
    "support": 261.0
  },
  "1": {
    "precision": 0.4,
    "recall": 0.03524229074889868,
    "f1-score": 0.06477732793522269,
    "support": 227.0
  },
  "2": {
    "precision": 0.0,
    "recall": 0.0,
    "f1-score": 0.0,
    "support": 26.0
  },
  "3": {
    "precision": 0.75,
    "recall": 0.4,
    "f1-score": 0.5217391304347827,
    "support": 60.0
  },
  "4": {
    "precision": 0.0,
    "recall": 0.0,
    "f1-score": 0.0,
    "support": 14.0
  },
  "5": {
    "precision": 0.0,
    "recall": 0.0,
    "f1-score": 0.0,
    "support": 1.0
  },
  "6": {
    "precision": 0.0,
    "recall": 0.0,
    "f1-score": 0.0,
    "support": 27.0
  },
  "7": {
    "precision": 0.0,
    "recall": 0.0,
    "f1-score": 0.0,
    "support": 7.0
  },
  "accuracy": 0.4478330658105939,
  "macro avg": {
    "precision": 0.19782180385288967,
    "recall": 0.17270030550070048,
    "f1-score": 0.1475333072962507,
    "support": 623.0
  },
  "weighted avg": {
    "precision": 0.39920052398849704,
    "recall": 0.4478330658105939,
    "f1-score": 0.3225963904773395,
    "support": 623.0
  }
}