{
  "0": {
    "precision": 0.39059304703476483,
    "recall": 0.8304347826086956,
    "f1-score": 0.5312934631432545,
    "support": 230.0
  },
  "1": {
    "precision": 0.5,
    "recall": 0.20689655172413793,
    "f1-score": 0.2926829268292683,
    "support": 232.0
  },
  "2": {
    "precision": 0.0,
    "recall": 0.0,
    "f1-score": 0.0,
    "support": 42.0
  },
  "3": {
    "precision": 1.0,
    "recall": 0.5138888888888888,
    "f1-score": 0.6788990825688073,
    "support": 72.0
  },
  "4": {
    "precision": 0.0,
    "recall": 0.0,
    "f1-score": 0.0,
    "support": 13.0
  },
  "6": {
    "precision": 0.0,
    "recall": 0.0,
    "f1-score": 0.0,
    "support": 27.0
  },
  "7": {
    "precision": 0.0,
    "recall": 0.0,
    "f1-score": 0.0,
    "support": 6.0
  },
  "accuracy": 0.4437299035369775,
  "macro avg": {
    "precision": 0.27008472100496644,
    "recall": 0.22160288903167463,
    "f1-score": 0.21469649607733285,
    "support": 622.0
  },
  "weighted avg": {
    "precision": 0.44668231642764616,
    "recall": 0.4437299035369775,
    "f1-score": 0.38421329500368634,
    "support": 622.0
  }
}