{
  "0": {
    "precision": 0.40268456375838924,
    "recall": 0.782608695652174,
    "f1-score": 0.5317577548005908,
    "support": 230.0
  },
  "1": {
    "precision": 0.5,
    "recall": 0.2801724137931034,
    "f1-score": 0.3591160220994475,
    "support": 232.0
  },
  "2": {
    "precision": 0.0,
    "recall": 0.0,
    "f1-score": 0.0,
    "support": 42.0
  },
  "3": {
    "precision": 1.0,
    "recall": 0.5138888888888888,
    "f1-score": 0.6788990825688073,
    "support": 72.0
  },
  "4": {
    "precision": 0.0,
    "recall": 0.0,
    "f1-score": 0.0,
    "support": 13.0
  },
  "6": {
    "precision": 0.125,
    "recall": 0.037037037037037035,
    "f1-score": 0.05714285714285714,
    "support": 27.0
  },
  "7": {
    "precision": 0.0,
    "recall": 0.0,
    "f1-score": 0.0,
    "support": 6.0
  },
  "accuracy": 0.454983922829582,
  "macro avg": {
    "precision": 0.2896692233940556,
    "recall": 0.23052957648160047,
    "f1-score": 0.23241653094452897,
    "support": 622.0
  },
  "weighted avg": {
    "precision": 0.45657950106821465,
    "recall": 0.454983922829582,
    "f1-score": 0.41164435983765113,
    "support": 622.0
  }
}