{
  "0": {
    "precision": 0.4101694915254237,
    "recall": 0.51931330472103,
    "f1-score": 0.45833333333333326,
    "support": 233.0
  },
  "1": {
    "precision": 0.40418118466898956,
    "recall": 0.5201793721973094,
    "f1-score": 0.4549019607843137,
    "support": 223.0
  },
  "2": {
    "precision": 0.0,
    "recall": 0.0,
    "f1-score": 0.0,
    "support": 39.0
  },
  "3": {
    "precision": 1.0,
    "recall": 0.5466666666666666,
    "f1-score": 0.7068965517241379,
    "support": 75.0
  },
  "4": {
    "precision": 0.0,
    "recall": 0.0,
    "f1-score": 0.0,
    "support": 15.0
  },
  "6": {
    "precision": 0.0,
    "recall": 0.0,
    "f1-score": 0.0,
    "support": 27.0
  },
  "7": {
    "precision": 0.0,
    "recall": 0.0,
    "f1-score": 0.0,
    "support": 11.0
  },
  "accuracy": 0.4462279293739968,
  "macro avg": {
    "precision": 0.25919295374205903,
    "recall": 0.22659419194071512,
    "f1-score": 0.2314474065488264,
    "support": 623.0
  },
  "weighted avg": {
    "precision": 0.41846211188861704,
    "recall": 0.4462279293739968,
    "f1-score": 0.41934517704795976,
    "support": 623.0
  }
}