{
  "0": {
    "precision": 0.40835266821345706,
    "recall": 0.7652173913043478,
    "f1-score": 0.5325264750378215,
    "support": 230.0
  },
  "1": {
    "precision": 0.4930555555555556,
    "recall": 0.30603448275862066,
    "f1-score": 0.3776595744680851,
    "support": 232.0
  },
  "2": {
    "precision": 0.0,
    "recall": 0.0,
    "f1-score": 0.0,
    "support": 42.0
  },
  "3": {
    "precision": 1.0,
    "recall": 0.5138888888888888,
    "f1-score": 0.6788990825688073,
    "support": 72.0
  },
  "4": {
    "precision": 0.0,
    "recall": 0.0,
    "f1-score": 0.0,
    "support": 13.0
  },
  "6": {
    "precision": 0.1,
    "recall": 0.037037037037037035,
    "f1-score": 0.05405405405405406,
    "support": 27.0
  },
  "7": {
    "precision": 0.0,
    "recall": 0.0,
    "f1-score": 0.0,
    "support": 6.0
  },
  "accuracy": 0.45819935691318325,
  "macro avg": {
    "precision": 0.28591546053843037,
    "recall": 0.23173968571269918,
    "f1-score": 0.23473416944696687,
    "support": 622.0
  },
  "weighted avg": {
    "precision": 0.45500000414466885,
    "recall": 0.45819935691318325,
    "f1-score": 0.4187110995815246,
    "support": 622.0
  }
}