{
  "0": {
    "precision": 0.4008714596949891,
    "recall": 0.7896995708154506,
    "f1-score": 0.5317919075144508,
    "support": 233.0
  },
  "1": {
    "precision": 0.3360655737704918,
    "recall": 0.18385650224215247,
    "f1-score": 0.23768115942028983,
    "support": 223.0
  },
  "2": {
    "precision": 0.0,
    "recall": 0.0,
    "f1-score": 0.0,
    "support": 39.0
  },
  "3": {
    "precision": 0.9761904761904762,
    "recall": 0.5466666666666666,
    "f1-score": 0.7008547008547009,
    "support": 75.0
  },
  "4": {
    "precision": 0.0,
    "recall": 0.0,
    "f1-score": 0.0,
    "support": 15.0
  },
  "6": {
    "precision": 0.0,
    "recall": 0.0,
    "f1-score": 0.0,
    "support": 27.0
  },
  "7": {
    "precision": 0.0,
    "recall": 0.0,
    "f1-score": 0.0,
    "support": 11.0
  },
  "accuracy": 0.42696629213483145,
  "macro avg": {
    "precision": 0.24473250137942243,
    "recall": 0.2171746771034671,
    "f1-score": 0.21004682396992022,
    "support": 623.0
  },
  "weighted avg": {
    "precision": 0.3877366914511041,
    "recall": 0.42696629213483145,
    "f1-score": 0.3683379062049667,
    "support": 623.0
  }
}