{
  "0": {
    "precision": 0.3983516483516483,
    "recall": 0.6223175965665236,
    "f1-score": 0.4857621440536013,
    "support": 233.0
  },
  "1": {
    "precision": 0.4036697247706422,
    "recall": 0.39461883408071746,
    "f1-score": 0.3990929705215419,
    "support": 223.0
  },
  "2": {
    "precision": 0.0,
    "recall": 0.0,
    "f1-score": 0.0,
    "support": 39.0
  },
  "3": {
    "precision": 1.0,
    "recall": 0.5466666666666666,
    "f1-score": 0.7068965517241379,
    "support": 75.0
  },
  "4": {
    "precision": 0.0,
    "recall": 0.0,
    "f1-score": 0.0,
    "support": 15.0
  },
  "6": {
    "precision": 0.0,
    "recall": 0.0,
    "f1-score": 0.0,
    "support": 27.0
  },
  "7": {
    "precision": 0.0,
    "recall": 0.0,
    "f1-score": 0.0,
    "support": 11.0
  },
  "accuracy": 0.43980738362760835,
  "macro avg": {
    "precision": 0.2574316247317558,
    "recall": 0.22337187104484396,
    "f1-score": 0.22739309518561157,
    "support": 623.0
  },
  "weighted avg": {
    "precision": 0.41385920174925733,
    "recall": 0.43980738362760835,
    "f1-score": 0.4096268914447886,
    "support": 623.0
  }
}