{
  "0": {
    "precision": 0.4354066985645933,
    "recall": 0.3905579399141631,
    "f1-score": 0.4117647058823529,
    "support": 233.0
  },
  "1": {
    "precision": 0.40214477211796246,
    "recall": 0.672645739910314,
    "f1-score": 0.5033557046979866,
    "support": 223.0
  },
  "2": {
    "precision": 0.0,
    "recall": 0.0,
    "f1-score": 0.0,
    "support": 39.0
  },
  "3": {
    "precision": 1.0,
    "recall": 0.5466666666666666,
    "f1-score": 0.7068965517241379,
    "support": 75.0
  },
  "4": {
    "precision": 0.0,
    "recall": 0.0,
    "f1-score": 0.0,
    "support": 15.0
  },
  "6": {
    "precision": 0.0,
    "recall": 0.0,
    "f1-score": 0.0,
    "support": 27.0
  },
  "7": {
    "precision": 0.0,
    "recall": 0.0,
    "f1-score": 0.0,
    "support": 11.0
  },
  "accuracy": 0.45264847512038525,
  "macro avg": {
    "precision": 0.26250735295465083,
    "recall": 0.2299814780701634,
    "f1-score": 0.2317167089006396,
    "support": 623.0
  },
  "weighted avg": {
    "precision": 0.4271718217461571,
    "recall": 0.45264847512038525,
    "f1-score": 0.4192724558548148,
    "support": 623.0
  }
}